pid,type,bc,psr,trg,conv
456,PASS,,RC-2800,RI-0200,1
1276,RUSH,KF-0200,,,0
1408,RUSH,JS-6500,,,1
1621,PASS,,JP-3200,DB-3100,0
1766,PASS,,RL-0300,FJ-0500,0
2412,RUSH,OG-0300,,,0
2422,PASS,,KW-0500,AH-0200,0
2528,PASS,,TB-0200,BC-1600,1
2779,PASS,,BF-0100,TD-0800,1
3052,RUSH,MA-1000,,,1
3738,PASS,,DM-2200,CJ-1400,0
3861,PASS,,,,0
3904,PASS,,JB-3800,WJ-0200,0
4071,PASS,,RM-4300,TO-0200,1
4705,RUSH,TJ-2700,,,0
4881,RUSH,CM-0600,,,0
6138,RUSH,LJ-1000,,,0
7955,PASS,,GF-0400,RS-2100,0
8050,PASS,,EG-0600,TR-0300,0
9004,PASS,,VT-0200,LC-0800,1
9169,RUSH,RD-0700,,,0
9461,RUSH,EJ-0200,,,1
9569,PASS,,TA-0300,JH-1800,1
10084,RUSH,MA-1000,,,0
10136,PASS,,BG-1900,EM-0500,1
11427,PASS,,DM-2200,TS-1900,1
11717,RUSH,SP-1400,,,0
12586,PASS,,BF-0100,DD-2600,1
13558,RUSH,RG-0200,,,1
15308,RUSH,TB-0400,,,0
15718,PASS,,KL-1700,LF-0300,1
15741,RUSH,MF-0300,,,0
15763,RUSH,MF-0300,,,1
15784,RUSH,MF-0300,,,1
15832,RUSH,JA-1600,,,1
15842,PASS,,KW-0500,RW-2900,1
16021,RUSH,BB-1100,,,0
16381,RUSH,JS-6500,,,1
16610,PASS,,CC-1400,RK-0200,0
17411,PASS,,PM-0200,TW-2100,0
17718,PASS,,EG-0600,DA-0600,0
17759,PASS,,TG-1600,TH-2300,0
17901,PASS,,DC-4400,MW-2900,1
18559,PASS,,VT-0200,RA-1100,0
19675,RUSH,JS-6500,,,1
20402,PASS,,JK-1500,CF-0300,0
20721,PASS,,JH-1100,TF-0700,0
20941,RUSH,KH-1500,,,0
20978,RUSH,JP-3200,,,0
21312,PASS,,PM-0200,MP-1500,1
21354,RUSH,EJ-0200,,,0
21806,PASS,,SC-0200,JM-6400,1
22172,RUSH,TJ-0400,,,1
22815,RUSH,JH-1100,,,0
23141,RUSH,SB-0700,,,1
23800,RUSH,KF-0200,,,1
25285,PASS,,MH-1600,AF-1300,0
25633,PASS,,VT-0200,MC-2100,1
27305,PASS,,AB-2900,WJ-0200,0
27631,PASS,,DB-4500,DB-3100,0
28076,PASS,,KS-2300,MB-4400,0
28094,RUSH,RH-3400,,,1
28235,PASS,,JG-1000,JT-2800,0
28430,RUSH,CW-0700,,,0
31185,RUSH,AS-2500,,,0
32530,PASS,,JG-0600,JS-6900,1
33744,PASS,,,,0
33830,PASS,,JG-1000,AC-2300,0
34433,PASS,,EG-0600,TG-1300,0
34878,RUSH,TA-0500,,,1
34900,RUSH,WR-0500,,,0
35028,PASS,,KW-0500,AH-0200,0
35086,PASS,,DC-4400,RM-5000,1
35549,RUSH,CM-2600,,,0
35577,RUSH,SB-1900,,,1
35897,PASS,,JK-1500,SD-0500,0
35916,PASS,,,,0
36388,RUSH,JF-0700,,,0
36405,PASS,,SB-0700,MM-5500,0
38338,PASS,,MB-4500,KB-1700,1
38478,PASS,,,,0
38653,PASS,,EG-0600,SM-3500,0
38747,RUSH,JL-1400,,,1
39150,RUSH,SK-0400,,,1
39620,RUSH,MF-0300,,,0
40534,PASS,,PM-0200,KD-1000,1
40775,RUSH,MF-0300,,,0
40800,PASS,,KW-0500,MF-0300,1
41277,PASS,,AB-2900,JR-0900,0
43422,RUSH,RG-0200,,,1
45379,PASS,,DF-1300,CC-4100,0
45605,PASS,,RJ-1200,PP-1000,0
46064,RUSH,JM-3500,,,1
46248,PASS,,RP-1900,EC-0400,0
46290,RUSH,JG-0600,,,0
46339,PASS,,KW-0500,RP-1900,1
46617,PASS,,BG-1900,DC-0800,1
47233,PASS,,BF-0100,AF-1300,1
47928,PASS,,PM-0200,MH-1200,0
48921,PASS,,CS-4100,TH-0400,0
48933,PASS,,CS-4100,MW-1600,0
49380,PASS,,EG-0600,BS-4100,0
49418,PASS,,JR-2300,DP-1500,0
49471,PASS,,AV-0200,SJ-0100,0
50101,RUSH,DM-0700,,,0
50160,RUSH,DC-4400,,,1
50894,RUSH,EJ-1100,,,0
51598,PASS,,CC-1400,SJ-0400,1
51751,PASS,,,,0
51790,PASS,,,,0
52090,PASS,,JK-1500,RD-2100,1
52301,PASS,,RC-2800,QI-0100,0
52455,PASS,,TG-1600,TG-1300,1
52588,PASS,,CB-0900,GC-1000,0
52765,RUSH,DB-1500,,,0
53279,PASS,,KW-0500,AH-0200,0
53425,PASS,,SM-2400,KD-1900,1
53610,RUSH,EJ-0200,,,0
54416,PASS,,RC-2800,QI-0100,1
54539,PASS,,SM-2400,DB-1700,1
54722,PASS,,PM-0200,KD-1000,1
54897,PASS,,DC-4400,JR-0900,1
54929,PASS,,BF-0100,WH-0600,0
55984,RUSH,TG-1600,,,1
56006,PASS,,PM-0200,EJ-0200,1
56173,PASS,,RC-2800,BS-4100,0
56188,PASS,,RC-2800,TT-0400,0
56538,RUSH,AT-0500,,,1
56927,PASS,,CB-0900,LF-0600,0
56963,PASS,,CB-0900,LW-0400,1
57600,RUSH,RW-2600,,,0
57609,PASS,,,,0
57765,RUSH,DC-4400,,,1
57802,PASS,,DC-4400,BC-0800,0
57971,PASS,,TB-0200,DB-1600,1
59623,PASS,,TG-1600,MR-0800,0
60343,PASS,,BG-1900,RS-2100,0
60379,PASS,,BG-1900,RS-2100,1
60414,RUSH,MA-1000,,,1
61169,RUSH,TF-0700,,,0
61854,PASS,,AV-0200,EM-1800,1
62239,PASS,,AB-2900,WJ-0200,1
63482,PASS,,CW-1300,IB-0300,0
63528,PASS,,JG-0600,EJ-0900,1
64971,PASS,,BJ-1400,MA-0600,1
65627,RUSH,MM-2800,,,1
65634,PASS,,MM-2800,CS-0800,0
66258,PASS,,JG-0600,TO-0200,0
66608,RUSH,TG-1600,,,0
66680,PASS,,KW-0200,GR-0500,0
67688,RUSH,MF-0300,,,1
68183,PASS,,EG-0600,OA-0300,0
68725,RUSH,JW-2500,,,1
69363,RUSH,JP-3200,,,1
69524,PASS,,TB-1900,BC-0800,0
70132,PASS,,MB-4500,KM-0900,1
70622,PASS,,AV-0200,PP-1000,0
70654,PASS,,AV-0200,EM-1800,0
71615,PASS,,,,0
72283,PASS,,BJ-1400,MA-0600,1
74032,PASS,,VT-0200,CM-0600,0
74047,PASS,,VT-0200,WC-0100,0
74417,PASS,,SM-2400,KD-1900,0
74499,PASS,,SM-2400,DM-0500,1
74812,PASS,,,,0
75765,PASS,,,,0
76162,PASS,,JK-0200,KM-0300,0
77119,RUSH,SK-0400,,,1
77429,RUSH,KM-1100,,,1
77628,PASS,,,,0
79295,RUSH,TB-0400,,,1
79428,PASS,,TD-1400,CF-0300,1
80321,PASS,,,,0
80405,PASS,,TD-1100,JS-6500,0
81053,RUSH,RD-0700,,,1
81532,PASS,,TG-1600,EK-0300,1
81958,PASS,,TB-0200,ZF-0100,0
81994,RUSH,SD-0400,,,1
82420,RUSH,CG-0400,,,1
82714,PASS,,BF-0100,DD-2600,0
82731,PASS,,JG-0600,TS-3400,1
83854,PASS,,KW-0500,EC-0400,0
84367,PASS,,VT-0200,AB-1100,1
84991,RUSH,JW-2500,,,0
84999,RUSH,TG-1600,,,0
85474,PASS,,MB-4500,JS-4400,1
86138,RUSH,SM-2400,,,0
86164,RUSH,EG-0200,,,1
87974,PASS,,DB-2600,JR-1200,0
89451,PASS,,JP-3200,FS-0100,1
89643,RUSH,AB-2900,,,1
89797,PASS,,,,0
90526,RUSH,KW-0200,,,0
90571,RUSH,AS-2500,,,1
91591,PASS,,BJ-1400,MA-0600,0
92224,RUSH,AB-2900,,,1
92268,RUSH,DM-0700,,,0
92871,PASS,,SM-2400,DM-0500,0
92890,PASS,,SM-2400,FW-1100,0
92905,RUSH,EG-0200,,,0
93035,PASS,,DM-2200,CL-0900,1
93759,RUSH,DC-4400,,,0
93915,RUSH,BG-1900,,,0
94796,PASS,,DB-3800,CC-4100,0
95034,PASS,,MB-4500,FT-0100,1
95115,RUSH,DS-3500,,,1
95224,PASS,,TB-2300,MV-0400,0
95355,PASS,,AB-2900,JP-1300,0
95450,PASS,,TM-0200,HW-0100,1
95523,PASS,,TG-1600,DH-0600,0
95532,RUSH,CM-0600,,,1
96049,RUSH,QM-0500,,,1
96097,RUSH,JW-2500,,,0
98122,RUSH,DM-0700,,,0
98198,PASS,,PR-0100,CD-1800,0
98552,PASS,,JG-0600,GH-0900,1
100049,RUSH,DM-0700,,,0
100055,RUSH,AB-2900,,,0
100728,PASS,,,,0
101002,PASS,,JB-3800,TH-1100,1
101833,PASS,,DC-0700,JG-0100,1
102308,PASS,,TB-2300,DP-0500,0
102436,PASS,,AB-2900,BW-1850,1
102637,PASS,,TC-2600,DN-1400,1
102960,RUSH,EJ-0200,,,1
102981,PASS,,PM-0200,QI-0100,0
103134,PASS,,DM-2200,CL-0900,1
104395,PASS,,PM-0200,MH-1200,1
106074,RUSH,KF-0200,,,0
106088,PASS,,TB-2300,TB-3300,1
106498,RUSH,TR-0900,,,0
106606,PASS,,KC-2000,MR-1000,1
106899,PASS,,TM-0200,HW-0100,1
107668,PASS,,RG-0200,JP-3400,1
108187,PASS,,CP-0900,LC-0800,1
108827,PASS,,RL-1400,RW-2600,0
110041,PASS,,KS-2300,DK-1100,1
110055,PASS,,AR-0200,HW-0100,1
110532,PASS,,JP-3200,JM-2100,0
111354,PASS,,DC-0700,JA-0800,1
111844,PASS,,,,0
112328,RUSH,TG-1600,,,1
112360,RUSH,MH-1600,,,1
112468,PASS,,BJ-1400,KJ-0700,1
113673,PASS,,JB-3800,RH-3500,0
114001,PASS,,JM-4500,SP-1800,0
114140,RUSH,JM-6800,,,0
114317,PASS,,MB-4500,JS-4400,0
114791,PASS,,KC-2000,JS-2700,0
114834,RUSH,SM-2400,,,1
115444,RUSH,DM-0700,,,0
115549,PASS,,BJ-1400,KJ-0700,1
116074,RUSH,CT-0100,,,1
116235,RUSH,NG-0300,,,1
118005,PASS,,PR-0100,CD-1800,1
118217,RUSH,BF-0100,,,0
118386,PASS,,HB-0400,MB-2800,0
118962,PASS,,JK-1500,CD-1500,0
118994,RUSH,FT-0100,,,1
119844,PASS,,RG-0200,JP-3400,1
120029,PASS,,AB-2900,JH-5200,1
120047,RUSH,DC-4400,,,1
120671,RUSH,JG-0600,,,1
121613,PASS,,MM-2800,BS-1100,1
122436,RUSH,JM-6800,,,0
122457,PASS,,PM-0200,MP-1500,1
122748,PASS,,DB-3800,RC-0100,0
122936,PASS,,SB-0700,SS-1200,0
124090,RUSH,CD-1500,,,0
124561,PASS,,MM-2800,AC-1100,0
124595,PASS,,MM-2800,ED-0900,0
125070,PASS,,TB-2300,CF-0300,1
125546,RUSH,AZ-0100,,,0
125557,PASS,,TM-0200,PB-1000,1
125714,PASS,,DB-3800,RC-0100,1
126688,PASS,,KH-2100,QM-0500,0
126729,PASS,,AR-0200,JT-4300,1
126858,PASS,,JG-0600,TO-0200,1
126867,PASS,,JG-0600,TO-0200,1
126906,PASS,,JG-0600,TO-0200,0
127214,PASS,,HW-0100,PB-1000,1
128073,PASS,,,,0
128102,PASS,,RG-0200,JP-3400,0
128555,PASS,,JD-1400,RP-1900,0
128559,RUSH,MB-4500,,,0
128581,RUSH,NG-0300,,,0
129334,PASS,,BF-0100,BF-1100,1
129651,RUSH,SM-0100,,,0
129673,PASS,,JF-1400,TM-2800,0
130029,PASS,,KB-1300,TH-1100,1
133415,RUSH,TB-0400,,,1
134898,PASS,,,,0
135377,PASS,,PR-0100,DM-0900,1
136001,PASS,,DB-2600,EM-1800,0
137415,PASS,,JB-3800,BJ-1800,0
137779,PASS,,TB-1900,JF-1100,1
138068,PASS,,GF-0400,OS-0700,1
138128,PASS,,,,0
138409,PASS,,TS-0500,AW-0300,0
138620,RUSH,KS-2300,,,1
139436,PASS,,SM-2400,TC-0100,1
139796,PASS,,PR-0100,LC-0800,0
140458,RUSH,JB-3800,,,1
140919,RUSH,JB-3400,,,1
143175,PASS,,KB-1300,TH-1100,1
143208,PASS,,KB-1300,TH-1100,1
143697,PASS,,VT-0200,AB-1100,0
144484,RUSH,CC-1400,,,1
144846,PASS,,JG-0600,JW-1200,0
145275,PASS,,JH-1700,AH-0200,1
145323,PASS,,JH-1700,SA-0800,1
145952,PASS,,KC-2000,IH-0100,0
146596,RUSH,AH-1450,,,0
147541,PASS,,KB-1300,TH-1100,1
147867,PASS,,PR-0100,DM-0900,1
148447,RUSH,KC-2000,,,1
150599,PASS,,CP-0900,SM-3600,0
150633,PASS,,CP-0900,AB-1100,1
150819,PASS,,,,0
151361,PASS,,KB-1300,MR-1400,0
151712,RUSH,KW-2400,,,0
152263,PASS,,,,0
152585,PASS,,DF-1300,SA-0700,1
153254,PASS,,DC-4400,HG-0200,1
154908,RUSH,DR-1300,,,0
154933,PASS,,PM-0200,JM-6800,1
156430,PASS,,AB-2900,BW-1850,0
157560,PASS,,DM-2200,CL-0900,0
158399,RUSH,CP-2100,,,1
160016,PASS,,TG-1600,DH-0600,0
160317,PASS,,BF-0100,BF-1100,1
161780,RUSH,SM-2400,,,1
161808,PASS,,SM-2400,DM-0500,0
162081,PASS,,TC-2600,QM-0500,0
163538,RUSH,CT-0100,,,0
163708,PASS,,DB-3800,DB-3100,1
164185,RUSH,RH-2600,,,1
164249,PASS,,DB-2600,BS-1700,0
164861,PASS,,TG-1600,EK-0300,0
165022,PASS,,CP-0900,KL-1100,0
165200,PASS,,BJ-1400,KW-1100,1
165210,PASS,,BJ-1400,CL-0600,0
166460,PASS,,JG-0600,BL-1200,1
167908,PASS,,JM-2900,ES-1000,0
167917,RUSH,JM-2900,,,0
168209,PASS,,TC-2600,DN-1400,0
168995,PASS,,CP-0900,AB-1100,0
170787,PASS,,MB-4800,DL-1900,1
171614,PASS,,JD-1400,MM-5500,0
171630,PASS,,JD-1400,KD-1900,0
171644,RUSH,KF-0200,,,1
173401,PASS,,RG-0200,AW-1000,1
173579,PASS,,TR-0100,BL-1200,0
173698,RUSH,MF-0300,,,1
174336,PASS,,JM-2900,ES-1000,0
174676,PASS,,BR-1100,PB-1000,0
174972,PASS,,DC-0700,JG-0100,0
177068,PASS,,KB-1300,RH-3500,0
177394,PASS,,JH-1700,TS-3400,0
177714,RUSH,JW-1900,,,1
178063,PASS,,RG-2300,JG-0200,0
178537,PASS,,AB-2900,BW-1850,0
178568,PASS,,MB-4800,KC-2700,1
178714,PASS,,SM-2400,DM-0500,0
178731,PASS,,BL-0600,RW-2400,1
178866,PASS,,BJ-1400,KD-1000,0
178893,PASS,,BJ-1400,KD-1000,1
179054,PASS,,MB-4500,TJ-0700,1
179702,RUSH,TJ-2700,,,0
180316,PASS,,BL-0600,BJ-2300,1
181094,PASS,,TR-0100,CC-4100,0
181134,PASS,,TR-0100,CC-4100,1
183032,PASS,,TR-0100,AW-0200,0
183095,RUSH,TR-0100,,,1
183109,PASS,,TR-0100,BL-1200,1
184704,PASS,,BL-0600,RW-2400,1
184840,PASS,,MH-1600,JS-6400,1
184996,RUSH,LJ-1500,,,0
185012,PASS,,CP-0900,AB-1100,0
185339,PASS,,JD-1400,KC-1500,1
186806,PASS,,BL-0600,EW-0800,1
187895,PASS,,BG-1900,WH-0500,0
189075,PASS,,DC-4400,NB-0800,0
189215,PASS,,DM-2200,LS-1000,0
190062,PASS,,BF-0100,RF-0300,1
191026,PASS,,DC-0700,DA-1600,0
191390,PASS,,AF-0300,RM-3100,1
191555,RUSH,CK-1000,,,1
192178,RUSH,MF-0300,,,1
192527,PASS,,KB-1300,CM-2700,1
192624,RUSH,DC-4400,,,1
194815,RUSH,WM-0300,,,0
196142,RUSH,SM-2400,,,1
196274,PASS,,DC-4400,NB-0800,1
197610,PASS,,TG-1600,EK-0300,0
198230,PASS,,AB-2900,JH-5200,1
198893,PASS,,TG-1600,EK-0300,1
199209,RUSH,CD-1500,,,1
199887,PASS,,MH-1600,JU-0200,0
200036,PASS,,KC-2000,JP-3400,0
200048,PASS,,KC-2000,DJ-2100,0
200697,PASS,,LM-0800,SH-0600,1
200790,PASS,,JN-0500,LF-0200,0
201230,PASS,,AF-0300,CC-1300,1
201535,PASS,,CP-0900,WC-0100,0
202742,RUSH,PC-0900,,,0
202833,PASS,,MH-1600,DJ-0100,1
203021,RUSH,JM-2900,,,1
205851,PASS,,,,0
206817,PASS,,JH-1700,TS-3400,1
207009,PASS,,BF-0100,DD-2600,1
207660,PASS,,DM-2200,CL-0900,0
208134,PASS,,AF-0300,MB-2800,0
208144,PASS,,AF-0300,CC-1300,0
208814,PASS,,JK-1500,KW-0700,0
209089,PASS,,CH-4900,DC-1900,0
209302,RUSH,EJ-0200,,,1
210378,PASS,,BG-1900,JG-0500,0
211397,PASS,,JD-1400,MS-0700,1
212704,RUSH,WD-0700,,,0
212820,PASS,,CP-0900,AB-1100,0
212850,RUSH,SJ-0200,,,1
213050,PASS,,JH-1700,RW-3200,0
213225,PASS,,DC-4400,OS-0700,1
213368,PASS,,VT-0200,JW-6000,1
215324,PASS,,KC-2000,RM-5000,0
216718,PASS,,KW-0500,AB-1300,0
217208,RUSH,SJ-0200,,,0
218392,PASS,,DC-4400,MR-1400,1
219480,PASS,,MS-0200,AC-2700,1
221178,PASS,,AB-2900,ZH-0100,0
221869,PASS,,DB-2600,DC-0300,0
221967,PASS,,DB-2600,KJ-0700,1
223324,PASS,,,,0
223378,PASS,,DM-2200,BW-1000,1
224647,PASS,,JM-2900,AB-2000,0
224838,PASS,,BF-0100,AC-1300,0
224848,PASS,,JD-1400,SS-2100,0
224858,PASS,,BF-0100,DM-0300,1
224880,PASS,,BF-0100,RF-0300,1
225217,PASS,,MS-0200,BF-0400,1
225887,PASS,,MB-4500,DP-0500,0
226390,PASS,,DC-0700,CB-2500,1
227199,RUSH,LT-0600,,,0
228275,PASS,,TG-1600,MB-2600,1
229527,RUSH,MF-0300,,,1
230466,PASS,,DC-0700,MR-1000,0
231956,RUSH,MW-2900,,,0
233644,PASS,,SM-2400,CB-3600,0
234988,PASS,,KC-2000,JP-3400,0
235009,RUSH,LJ-1500,,,1
235637,PASS,,BB-2400,WC-0100,0
236265,PASS,,PM-0200,RW-1100,0
236454,PASS,,MV-0300,BF-0400,1
237004,RUSH,OA-0300,,,1
237508,PASS,,TB-2300,TB-3300,0
237543,PASS,,GF-0400,RB-3900,0
237547,RUSH,HE-0300,,,1
237728,RUSH,TB-0400,,,1
237884,PASS,,JP-3200,JP-4400,1
238156,PASS,,MB-4500,CP-2100,1
238225,RUSH,MA-0600,,,1
240370,PASS,,KD-1400,JM-6400,0
240515,PASS,,KW-0500,AB-2000,1
240543,PASS,,JM-1100,AH-1450,1
242005,PASS,,CP-0500,MS-0500,1
242017,RUSH,JG-3500,,,1
242336,PASS,,TB-2300,CF-0300,0
242519,RUSH,RD-1800,,,0
243045,PASS,,EM-0200,JS-2700,1
243414,PASS,,KD-1400,TJ-0400,1
246011,RUSH,OA-0300,,,1
247603,RUSH,DG-0600,,,1
254835,PASS,,MS-0200,BF-0400,1
256000,PASS,,MC-0700,BC-0900,0
258214,PASS,,PM-0200,RW-1100,1
259938,RUSH,TH-1400,,,1
259953,PASS,,KC-2000,DB-1700,1
260931,RUSH,CK-0900,,,0
261356,PASS,,DC-4400,CC-1300,0
265116,RUSH,RD-0700,,,1
265261,PASS,,SM-2400,TH-1100,0
265461,PASS,,EM-0200,AT-0900,0
266384,RUSH,VY-0100,,,1
266749,PASS,,RB-3900,CC-1300,0
266911,PASS,,BJ-1400,TT-0400,0
267082,PASS,,DB-3800,JH-5200,1
267557,PASS,,MB-4800,IB-0200,1
271923,PASS,,MB-4500,SM-3600,1
273217,PASS,,JH-1700,MB-2800,1
274667,PASS,,PM-0200,MH-1200,0
274712,PASS,,MB-4500,CC-4300,1
274836,RUSH,TR-0800,,,1
275164,PASS,,MS-0200,EB-0900,0
275370,PASS,,DB-3800,BM-2200,1
275528,PASS,,SR-1200,AJ-0900,0
275837,PASS,,DH-4300,TG-1300,1
276457,PASS,,PM-0200,RW-1100,1
276907,PASS,,TR-0800,TO-0200,1
277466,PASS,,TR-0800,PC-0900,0
278854,PASS,,PR-0300,VJ-0100,1
280840,PASS,,TB-2300,RC-0100,1
281803,PASS,,MB-4800,IB-0200,0
285090,PASS,,ML-1000,AB-2000,0
285756,PASS,,DC-0700,WL-0200,1
287005,PASS,,MH-1600,JS-6400,1
287849,PASS,,TB-2300,TB-3300,1
290445,PASS,,,,0
290702,PASS,,JH-1700,MB-2800,1
293426,PASS,,TJ-0300,TT-0400,0
293587,RUSH,TB-0400,,,0
293597,PASS,,JG-0600,LS-1000,1
297917,PASS,,JK-1500,MW-2700,0
298096,RUSH,QG-0200,,,0
300009,PASS,,TG-1600,KW-2000,1
300195,PASS,,MH-1600,DB-3600,0
301194,RUSH,KF-0200,,,1
301507,PASS,,PM-0200,MH-1200,1
302329,PASS,,JC-6200,JW-0400,0
303586,PASS,,JK-1500,SM-1400,0
303896,PASS,,,,0
304063,RUSH,RJ-1800,,,1
306513,PASS,,JM-2900,RC-3100,1
307644,RUSH,RB-3900,,,1
308444,RUSH,KW-0800,,,0
311827,PASS,,GF-0400,TH-2300,1
312452,PASS,,JC-0500,CC-4300,1
313847,PASS,,TR-0800,TO-0200,0
314194,RUSH,SG-0100,,,1
315312,PASS,,,,0
316152,PASS,,AB-2000,LF-0200,0
316302,RUSH,RB-4900,,,1
316954,PASS,,TD-1400,AB-0800,0
317101,PASS,,JG-0600,AB-1100,0
317240,PASS,,SR-1200,AD-0400,1
317432,PASS,,DH-4300,DB-3200,0
317620,PASS,,CP-0900,LW-0500,1
321113,RUSH,PH-0600,,,1
321771,PASS,,JC-0500,AR-0200,1
321956,PASS,,DA-1300,BE-0200,0
321984,PASS,,DA-1300,JJ-5200,1
322912,RUSH,ML-2500,,,1
323071,PASS,,BR-1100,HW-0100,1
323659,PASS,,JC-0500,AR-0200,0
323704,PASS,,DM-2200,HB-0100,0
323750,PASS,,DM-2200,MS-0500,0
323880,RUSH,RB-4900,,,1
323901,PASS,,DB-3800,MC-2400,0
323918,RUSH,RB-4900,,,1
324595,PASS,,MS-0600,MW-1700,0
324687,PASS,,PM-0200,BF-0700,1
324692,RUSH,JA-0300,,,0
330412,PASS,,CR-0600,RW-2200,0
331068,RUSH,DG-0600,,,1
332004,PASS,,JC-5600,KW-2300,1
334848,PASS,,KC-1400,CB-0300,0
335136,PASS,,KB-1300,DD-0200,0
336554,PASS,,CW-3200,SH-1300,1
337193,RUSH,JA-0300,,,1
337645,PASS,,TC-2300,CC-4300,0
337853,RUSH,BB-2400,,,1
338267,PASS,,CP-0500,KW-0800,0
338438,PASS,,KO-0700,GO-0100,1
338647,RUSH,DW-0200,,,1
338763,PASS,,DH-4300,TG-1300,0
339293,PASS,,JR-3500,RC-3100,1
339634,PASS,,LM-0800,MC-1500,0
339976,PASS,,TS-2600,DD-0200,0
340217,PASS,,TC-2300,CC-4300,0
340584,RUSH,LM-0300,,,1
341089,PASS,,JB-2100,DH-0300,1
341738,RUSH,PT-0400,,,1
342362,RUSH,TJ-0300,,,1
342374,RUSH,TJ-0300,,,1
342680,PASS,,MB-4800,RM-3100,0
343207,PASS,,MH-1600,MP-1500,1
343361,RUSH,BR-1100,,,0
343374,PASS,,BR-1100,NW-0100,0
345152,PASS,,BF-0100,LW-0500,0
347074,PASS,,TJ-0300,SR-0500,0
347410,PASS,,TT-0900,MC-2700,1
347721,RUSH,DR-1300,,,1
347854,PASS,,JC-0500,LB-0400,0
349334,PASS,,PR-0300,LN-0100,1
349348,PASS,,JC-6200,ER-0500,1
350738,PASS,,KO-0700,BL-1200,1
351448,PASS,,DB-3800,RB-4900,0
352226,PASS,,,,0
352248,PASS,,BF-0100,CS-4200,0
352564,PASS,,,,0
352851,RUSH,EJ-0200,,,1
352861,PASS,,KW-0500,AB-2000,0
352912,RUSH,LW-0500,,,1
353079,PASS,,JO-0700,FG-0200,1
353735,PASS,,TE-0100,LE-0300,1
353886,PASS,,PR-0300,DS-3300,1
356296,PASS,,CP-0500,BU-0300,0
356470,PASS,,BR-1100,HM-0200,0
357112,PASS,,BF-0100,JC-5400,0
357750,RUSH,SS-1600,,,0
358839,PASS,,DA-1300,BE-0200,1
360228,PASS,,DO-0300,CJ-1100,1
360593,PASS,,DA-1300,BE-0200,1
362515,PASS,,JC-0500,CP-2100,0
363279,PASS,,KC-2000,AH-0300,1
363649,PASS,,DG-0600,JP-3400,0
363780,PASS,,JG-0600,IH-0100,0
363816,PASS,,JG-0600,AS-1700,1
364292,PASS,,MB-4800,DS-3700,0
365388,RUSH,KF-0200,,,0
365399,PASS,,PM-0200,RW-1100,1
366696,PASS,,SW-0100,JC-0700,0
367001,PASS,,JF-1900,DM-0500,1
367279,PASS,,DC-3200,BC-2500,0
367372,PASS,,TT-0900,TG-1300,0
367682,PASS,,EM-0200,PB-1000,0
367863,PASS,,KW-0500,LF-0200,0
368018,PASS,,MC-0700,JG-0100,1
369518,RUSH,DC-4400,,,0
369990,PASS,,MH-1600,BE-0600,0
371455,PASS,,SH-1100,IB-0200,0
372239,RUSH,DW-3600,,,1
372636,PASS,,DJ-1700,CC-0200,0
373051,PASS,,AR-1300,RM-0900,1
373058,RUSH,DM-0700,,,0
373521,PASS,,KW-0500,LF-0200,0
374159,PASS,,AR-1300,GJ-0400,1
374925,PASS,,PR-0300,MF-0800,0
376214,PASS,,MS-0200,AJ-0900,1
376974,RUSH,RB-4900,,,0
376987,PASS,,MR-2500,MJ-0800,1
377454,PASS,,MC-0700,WW-0200,1
378894,PASS,,PR-0300,CC-1300,0
378901,PASS,,PR-0300,AG-0500,0
379526,PASS,,DO-0300,CF-0600,1
379696,RUSH,MJ-2500,,,0
380343,PASS,,JR-3500,CS-0600,0
380495,PASS,,TR-0800,RW-3200,0
383018,PASS,,EM-0200,DH-3200,1
383760,PASS,,TT-0900,TG-1300,0
385309,PASS,,BF-0100,JC-5400,1
385650,RUSH,JC-6200,,,1
386667,PASS,,JD-1400,DW-3600,0
387285,PASS,,DM-2200,BW-1000,0
387301,PASS,,KW-0500,BP-0300,1
388268,PASS,,KO-0700,BM-0300,0
388710,RUSH,MJ-2500,,,0
389691,PASS,,AR-1300,GJ-0400,1
389845,PASS,,TB-2300,BW-0700,0
389850,PASS,,TB-2300,RM-5000,0
391669,PASS,,BL-0600,MS-5100,0
392922,PASS,,CP-0500,AC-0100,0
392947,PASS,,CP-0500,BL-0900,1
393094,PASS,,MS-4100,BJ-1800,0
394557,PASS,,JC-6200,EB-0600,1
395179,RUSH,TC-1300,,,1
396025,PASS,,KC-2000,AC-2700,0
396054,RUSH,CJ-1700,,,1
396211,RUSH,MC-0700,,,0
397479,PASS,,AR-1300,RG-1600,0
397944,PASS,,JD-1400,SS-2100,1
403790,PASS,,DB-3800,MC-2400,0
404411,PASS,,MS-0200,AJ-0900,1
404891,PASS,,MS-4100,MM-5300,1
405069,PASS,,AR-1300,RG-1600,0
405231,PASS,,PM-0200,PG-0100,0
405395,PASS,,MS-0100,BE-0200,0
405411,PASS,,CH-2400,GC-0200,0
405420,PASS,,MS-0100,DK-0400,0
407043,PASS,,MC-0700,JC-2300,1
407162,PASS,,TB-2300,RM-5000,1
407348,PASS,,JF-3100,KW-2300,0
407367,PASS,,JF-3100,MC-1500,1
407681,PASS,,JR-3700,SV-0100,0
408640,PASS,,MR-2500,JS-4800,0
409164,PASS,,MS-0100,BE-0200,0
409205,PASS,,,,0
409482,PASS,,MB-4800,DF-0500,0
410983,RUSH,DW-3600,,,1
411465,RUSH,JL-1400,,,1
411739,PASS,,BM-3600,RD-0900,0
411796,RUSH,DG-0600,,,1
412106,PASS,,MH-1600,JC-0700,0
413227,PASS,,JC-6200,MF-1300,1
414727,RUSH,CK-0900,,,0
415042,PASS,,DM-2200,LM-1000,1
416805,PASS,,DC-4400,CJ-1100,0
417128,PASS,,MS-0200,CB-3600,0
417432,PASS,,CH-2400,AF-0200,0
417969,RUSH,BQ-0100,,,0
419238,PASS,,AR-1300,GJ-0400,1
419590,RUSH,KM-2900,,,0
421045,PASS,,DM-2200,JA-2900,1
422701,PASS,,AR-1300,BJ-0300,1
423027,RUSH,RW-2600,,,1
423344,RUSH,CP-0500,,,1
423494,RUSH,JF-3100,,,1
423660,PASS,,MM-4700,KM-2600,0
423811,RUSH,QG-0100,,,0
425264,PASS,,,,0
426054,RUSH,DB-4800,,,0
426077,PASS,,MS-0100,DK-0400,1
426105,PASS,,MS-0100,BE-0200,1
429446,RUSH,WM-0300,,,0
430750,PASS,,DB-3800,LM-1500,1
431234,PASS,,JC-6200,DA-1700,0
434188,PASS,,SH-1100,CJ-1100,1
434486,PASS,,KC-2000,KB-1900,1
435231,PASS,,MS-0100,BE-0200,1
435915,PASS,,AS-1600,VD-0100,1
438011,PASS,,PR-0300,LN-0100,1
440427,PASS,,KK-1200,JA-2900,0
440911,PASS,,RF-0500,SJ-0600,0
441039,RUSH,CB-1400,,,1
442578,PASS,,JC-0500,JH-3700,0
443070,PASS,,BF-0100,VS-0100,0
444626,PASS,,JF-3100,MW-2800,0
445583,PASS,,CP-0500,,0
445586,PASS,,CP-0500,CJ-1200,0
445596,PASS,,MR-2500,RW-2200,1
446603,RUSH,JF-3100,,,0
447781,PASS,,JK-1500,JW-6000,1
448267,PASS,,DM-2200,FD-0200,0
448275,PASS,,MS-4100,NB-0800,0
448277,PASS,,DM-2200,FD-0200,0
448296,PASS,,MS-4100,BJ-1800,1
448309,PASS,,MS-4100,BP-0600,0
449121,PASS,,VY-0100,CJ-1700,0
449452,PASS,,TJ-0300,PH-0400,1
450253,RUSH,FJ-0100,,,0
450266,PASS,,JC-6200,MF-1300,1
451092,RUSH,MT-1300,,,1
452274,PASS,,MR-2500,JS-4800,0
452452,PASS,,SH-1100,BP-0600,0
453114,RUSH,RB-3900,,,0
453611,PASS,,MC-0700,DB-3200,0
453637,PASS,,MC-0700,DB-3200,0
453953,PASS,,DA-1300,LF-0200,1
454319,PASS,,TB-2300,BT-0300,0
454326,RUSH,MM-4800,,,1
454341,RUSH,MM-4800,,,1
456487,PASS,,MR-2500,RW-2200,1
456941,PASS,,MV-0300,JA-2900,1
458393,RUSH,AB-2600,,,1
459385,PASS,,KO-0700,JG-0100,0
460021,PASS,,CP-0500,JG-3700,1
461904,PASS,,JK-1500,RW-3200,1
463143,RUSH,JF-3100,,,1
464809,PASS,,MS-0200,JJ-3900,1
465240,PASS,,RG-2300,CC-4300,1
465255,PASS,,RG-2300,MS-0800,1
466262,RUSH,TH-1600,,,0
466764,PASS,,CW-1900,BO-0100,1
468858,PASS,,CW-1900,BO-0100,1
470333,PASS,,SW-0100,BW-0700,0
472816,RUSH,DW-5100,,,0
473256,PASS,,MV-0300,LM-1000,0
473880,RUSH,SM-3400,,,1
474384,RUSH,AR-0200,,,1
474718,RUSH,MR-2500,,,0
475647,RUSH,SK-0600,,,1
477654,PASS,,RG-2300,SM-3600,0
478942,PASS,,AD-0100,JS-3300,0
479298,RUSH,DW-4300,,,1
479815,PASS,,CN-0500,GO-0100,1
480125,PASS,,DB-3800,LM-1500,1
480146,PASS,,DB-3800,LM-1500,1
480469,RUSH,BJ-0600,,,1
482678,PASS,,CN-0500,LN-0100,0
484320,RUSH,KM-2900,,,0
484491,PASS,,JC-0500,CS-0600,0
485461,RUSH,AB-2600,,,1
486254,PASS,,JC-0500,DM-3100,0
486816,RUSH,WM-0300,,,1
486825,PASS,,TT-0700,BL-1200,0
486939,PASS,,AR-1300,JF-1600,0
487445,PASS,,MS-4100,CJ-1100,0
490091,PASS,,JF-3100,MW-2800,0
490239,PASS,,MM-4700,BM-0300,0
490287,RUSH,TT-0700,,,1
490611,PASS,,KK-1200,JK-1200,0
492923,PASS,,TJ-0300,BO-0100,0
493575,PASS,,PR-0300,CB-3000,1
494223,PASS,,CM-1500,JC-5600,0
494383,PASS,,,,1
494542,PASS,,JB-2100,LH-0600,1
497493,PASS,,JF-3100,MW-2800,0
498161,PASS,,AS-1600,MC-2900,1
498852,PASS,,CN-0500,SS-2100,1
498992,PASS,,JF-3100,KW-2300,0
500976,PASS,,MS-4100,TY-0300,1
502429,PASS,,CP-0400,AC-2100,0
505262,RUSH,TT-0700,,,1
505780,RUSH,DW-1000,,,1
506424,RUSH,DH-1700,,,0
507246,RUSH,PT-0400,,,0
508618,RUSH,DW-1000,,,1
509054,PASS,,JF-3100,KW-2300,1
509408,PASS,,RF-0500,MC-0800,0
510909,PASS,,MS-0100,JK-1000,0
510938,RUSH,BC-2000,,,0
512061,RUSH,JS-3700,,,0
512885,PASS,,,,0
513851,RUSH,JM-2900,,,1
514962,PASS,,JF-3100,KW-2300,1
514980,RUSH,JF-3100,,,0
515145,PASS,,MS-4100,TS-0700,1
515655,RUSH,DW-4300,,,1
515864,RUSH,JD-1400,,,0
517525,RUSH,FG-0200,,,0
517531,PASS,,DB-3800,DS-3300,1
518556,RUSH,DW-1000,,,0
519705,RUSH,DS-3300,,,1
520212,PASS,,BG-0100,JB-3650,1
520681,PASS,,AR-1300,JN-0900,1
520837,PASS,,BR-1100,LP-0700,0
520849,PASS,,PM-0200,WM-0300,1
520873,RUSH,WM-0300,,,0
521199,PASS,,CP-0500,RS-3250,1
522191,RUSH,AB-3400,,,1
522723,PASS,,TB-2300,RG-2200,0
522859,RUSH,DR-1450,,,1
524513,RUSH,MJ-2500,,,0
525403,PASS,,MS-4100,NB-0800,1
525792,RUSH,MB-3000,,,0
526605,PASS,,AR-1300,JJ-4200,0
527074,PASS,,,,0
528283,PASS,,RT-0150,JL-0260,1
528616,PASS,,JF-3100,MW-2800,0
529151,PASS,,KO-0700,DB-5300,1
529777,PASS,,AL-1100,RW-1100,0
529813,PASS,,AR-1300,JJ-4200,0
529829,RUSH,DB-4800,,,1
532111,PASS,,SB-1100,SJ-0200,1
532840,PASS,,TR-0800,DB-5300,0
533490,PASS,,CP-2000,KR-1200,1
533505,PASS,,,,0
535772,PASS,,BR-1100,HM-0200,1
536171,PASS,,JF-3100,MW-2800,0
536339,PASS,,JC-6200,BM-0300,0
536838,PASS,,MS-0100,DK-0400,0
537111,PASS,,BG-0100,JB-3650,0
538796,PASS,,JF-1900,AB-2000,1
538942,PASS,,BG-0100,RJ-0800,1
538967,PASS,,BG-0100,JP-0800,0
539608,PASS,,MH-1600,KB-1900,1
539974,PASS,,CP-0500,JC-5660,1
542058,RUSH,AP-0700,,,1
544141,PASS,,JF-3100,VJ-0100,1
544463,PASS,,SB-1100,BQ-0050,0
545683,RUSH,TR-0800,,,1
545957,RUSH,AP-1800,,,1
547904,PASS,,,,0
548467,RUSH,MO-0500,,,1
549480,PASS,,SB-1100,LK-0200,1
550549,PASS,,NF-0250,JA-2900,0
550844,PASS,,CP-0500,DM-3100,0
551122,PASS,,,,0
551169,PASS,,SB-1100,CG-1060,1
551494,PASS,,NF-0250,DL-1700,0
551969,PASS,,MR-2500,RW-2200,0
552171,RUSH,KC-2350,,,1
554005,PASS,,RT-0150,AF-0200,1
554304,PASS,,SB-1100,DA-0900,1
558325,RUSH,CM-1500,,,0
559282,PASS,,JF-3100,MW-2800,0
560290,PASS,,CH-2400,JS-2300,0
561226,PASS,,TR-0800,DH-1800,1
561863,PASS,,RW-3850,ZM-0200,1
562601,PASS,,MS-0200,AJ-0900,1
563087,PASS,,CK-0100,RM-5000,0
564747,PASS,,RW-3850,DB-0500,0
565250,RUSH,SB-1100,,,1
565452,PASS,,TR-0800,DB-5300,0
565616,PASS,,RG-1850,AR-1200,0
566685,RUSH,AF-0900,,,1
567002,PASS,,EM-0250,RW-4050,1
567376,PASS,,RG-1850,JR-1150,0
567873,PASS,,CP-0500,MF-0950,0
568029,PASS,,CH-2400,SB-2100,0
568596,RUSH,ZE-0100,,,0
570885,PASS,,EM-0250,SJ-0600,1
571418,RUSH,BC-3070,,,1
571594,PASS,,JC-6200,AJ-0430,1
571608,PASS,,JC-6200,BM-0300,1
574480,PASS,,AL-1100,DH-2800,0
574507,PASS,,AL-1100,RW-1100,1
575021,RUSH,MF-1300,,,1
575187,PASS,,MS-4100,KD-1700,0
575666,RUSH,TR-0800,,,0
575674,PASS,,TR-0800,TW-2270,1
577771,PASS,,CH-2400,JB-3650,0
578306,PASS,,PP-0400,LF-0200,0
578843,PASS,,CP-0500,MF-0950,0
581035,PASS,,PM-0200,DT-0900,0
582591,RUSH,ES-0200,,,1
585284,PASS,,JF-1900,MB-4050,1
585443,PASS,,AL-1100,GW-0650,0
585470,PASS,,AL-1100,CF-0650,1
586141,RUSH,MF-1300,,,0
586260,PASS,,AL-1100,CF-0650,1
587906,PASS,,RT-0150,MW-0500,0
589305,PASS,,DD-0450,TG-1300,1
589650,PASS,,RG-1850,NW-0500,1
589668,RUSH,RG-1850,,,1
591165,PASS,,BW-0850,DB-1800,1
591616,PASS,,MF-1000,AQ-0100,0
592016,PASS,,KC-1400,IP-0050,1
592168,PASS,,AL-1100,DH-2800,1
592515,RUSH,AB-3400,,,1
593371,PASS,,BR-1100,ES-0200,0
595856,RUSH,CO-0300,,,0
595890,PASS,,TB-2300,JE-0100,1
595938,RUSH,SV-0200,,,0
596414,PASS,,MF-1000,JJ-4200,0
596580,PASS,,MC-0700,GJ-0400,0
596615,PASS,,JF-1900,TS-2300,1
597174,PASS,,MS-4100,JB-2700,1
597224,PASS,,MS-4100,JF-0650,0
597232,PASS,,NF-0250,LM-1000,0
597247,RUSH,BB-3350,,,1
597255,PASS,,NF-0250,RC-2300,1
597270,PASS,,NF-0250,DJ-0200,0
597281,RUSH,CP-1950,,,0
598204,PASS,,JM-2900,BM-0300,1
599092,PASS,,KC-2350,PG-0100,0
599712,RUSH,PT-0400,,,0
599882,PASS,,NF-0250,RC-2300,0
599918,PASS,,NF-0250,RC-2300,1
600627,PASS,,MF-1000,AQ-0100,0
600779,PASS,,AD-0100,TE-0300,0
600946,PASS,,MS-4100,CJ-1100,0
602524,PASS,,MS-4100,JF-0650,1
602740,RUSH,RM-3900,,,1
603386,PASS,,JC-6200,EB-0600,1
604018,RUSH,RR-0400,,,1
605028,PASS,,,,0
605158,PASS,,TB-2300,JE-0100,1
605514,PASS,,KC-1400,JC-4300,0
606189,PASS,,KO-0700,DB-5300,0
606980,RUSH,MI-0100,,,1
607142,RUSH,SR-0700,,,1
607655,RUSH,SV-0200,,,0
607927,PASS,,PM-0200,WW-0200,1
608097,PASS,,AR-1300,AQ-0100,0
609128,PASS,,GS-1050,DN-0500,0
609694,RUSH,JF-2800,,,0
609698,PASS,,AD-0100,MS-0150,1
610501,PASS,,MS-4100,JF-0650,1
610638,RUSH,JD-3400,,,0
610663,PASS,,CP-0500,LF-0200,0
611247,RUSH,SL-0150,,,0
611802,RUSH,JD-3400,,,0
612150,PASS,,CN-0500,JC-5400,1
612755,PASS,,AR-1300,RC-1500,1
615410,PASS,,AS-1600,DB-3200,0
615607,PASS,,PM-0200,DT-0900,1
615780,PASS,,DA-1300,KB-0950,0
617607,PASS,,TB-2650,RE-0400,1
618593,RUSH,FJ-0100,,,1
619120,PASS,,DB-3800,BW-0700,0
620802,RUSH,TH-1850,,,0
620982,PASS,,JC-6200,MB-1800,1
621166,PASS,,KO-0700,RW-4050,1
623421,PASS,,GS-1050,JA-1250,0
624383,PASS,,RW-3850,JK-0250,0
626006,PASS,,MS-4100,GT-0100,0
626137,RUSH,JF-2800,,,1
626321,RUSH,LW-0500,,,0
626645,PASS,,JC-6200,DR-3200,1
626672,PASS,,JC-6200,MF-1300,1
626861,PASS,,MV-0300,JK-1000,0
628524,PASS,,BB-2425,CS-1500,0
628692,PASS,,BH-1900,KS-1350,0
629324,RUSH,RG-1850,,,0
629338,RUSH,MA-1150,,,1
629844,PASS,,TB-2300,JE-0100,0
630148,PASS,,BW-2625,MS-3400,1
630228,RUSH,LT-0050,,,0
631411,PASS,,MR-2500,HD-0300,1
631601,PASS,,BB-2425,AR-1250,1
635686,PASS,,TB-2650,CJ-1450,1
636686,PASS,,PM-0200,ES-0200,1
636727,RUSH,DT-0550,,,1
638680,PASS,,BR-1100,AB-3500,1
638692,PASS,,BR-1100,LM-1500,1
638976,PASS,,BB-2425,ML-0650,0
638986,PASS,,BB-2425,ML-1500,0
639534,RUSH,ST-0250,,,1
639822,PASS,,AS-1600,AF-0200,0
640149,RUSH,MF-1300,,,1
640308,PASS,,BR-1100,HM-0200,1
640475,PASS,,,,0
640530,PASS,,,,0
641470,PASS,,JH-3230,CH-1230,1
641956,PASS,,DS-3800,JC-0700,1
642642,RUSH,JR-2800,,,0
644624,PASS,,GS-1050,JK-1000,0
645245,PASS,,JC-6200,MB-1800,1
646124,RUSH,MA-1150,,,1
647088,PASS,,,,0
648260,RUSH,JB-2700,,,1
650846,PASS,,BR-1100,AB-3500,0
651679,PASS,,AR-1300,AQ-0100,0
652033,PASS,,RW-3850,LW-1450,1
652466,PASS,,BR-1100,MW-1250,1
652853,PASS,,RM-0300,DH-3950,1
653143,PASS,,AL-1100,CF-0650,1
653174,PASS,,AL-1100,AJ-0900,0
653633,RUSH,ML-2500,,,1
654328,PASS,,MM-2570,RS-3250,0
655393,PASS,,BR-1100,AB-3500,1
655424,PASS,,BR-1100,HM-0200,1
655507,PASS,,CK-0100,TS-2300,1
655665,PASS,,DB-3800,WS-0925,0
655868,RUSH,JB-2700,,,0
656194,PASS,,TT-0500,PH-0400,0
656212,RUSH,PH-0400,,,0
656374,PASS,,PR-0300,KA-0650,0
657539,PASS,,AR-1300,RR-1050,1
657870,PASS,,KC-2350,JC-5680,1
657998,PASS,,MR-2500,LT-0550,1
658221,RUSH,JF-2950,,,0
658893,PASS,,LM-0800,MC-2400,0
659480,PASS,,BR-1100,DH-2800,0
659843,PASS,,RT-0150,JL-0215,1
660142,RUSH,JB-2700,,,0
660361,PASS,,AS-1600,TK-0150,1
660389,PASS,,AS-1600,JA-2900,0
661104,RUSH,AW-1350,,,1
661825,RUSH,SR-0450,,,0
661942,RUSH,JH-4025,,,1
662156,PASS,,JM-2900,TG-0025,1
663268,PASS,,JC-6200,MM-0900,0
663283,PASS,,JC-6200,MF-1300,0
663593,PASS,,MR-2500,LH-0600,0
663599,PASS,,KC-2350,PG-0100,0
663755,PASS,,JW-5650,VJ-0100,1
664113,PASS,,JM-2900,TB-1060,0
664132,PASS,,JF-1900,JF-2800,0
664143,PASS,,JM-2900,AH-1900,1
665769,PASS,,LJ-1250,AB-3500,0
666289,PASS,,JC-6200,MF-1300,1
666495,PASS,,JM-2900,TB-1060,0
667384,PASS,,CK-0100,AB-2000,0
668086,RUSH,LM-1000,,,1
669260,PASS,,BH-1900,JG-3850,0
669602,PASS,,PR-0300,LG-0750,1
669628,PASS,,PR-0300,LG-0750,1
670099,PASS,,JF-1900,NB-0450,1
670868,PASS,,NF-0250,JC-4300,1
672788,PASS,,AR-1300,DA-0212,1
673121,PASS,,MM-0912,DW-0500,1
673354,RUSH,TG-1950,,,0
673415,RUSH,TB-2650,,,1
673716,PASS,,BR-1100,DW-3600,1
674004,PASS,,JW-5650,RS-0975,0
674705,RUSH,JL-0280,,,1
675055,PASS,,AR-1300,DA-0212,0
675941,PASS,,BR-1100,AB-3500,1
676170,PASS,,BB-2425,AH-3900,0
676182,PASS,,JF-1900,KA-0400,0
676706,RUSH,BO-0650,,,0
676862,PASS,,RW-3850,JK-0250,0
676869,PASS,,RW-3850,JG-2900,0
678078,RUSH,JL-0280,,,0
678208,PASS,,AR-1300,JJ-4200,1
679704,PASS,,MC-0700,DM-1600,1
680839,PASS,,,,0
680985,PASS,,MM-0912,DG-2650,1
681662,PASS,,BR-1100,JJ-0725,1
681713,PASS,,RW-3850,KS-1750,0
681718,PASS,,BR-1100,AB-3500,0
681726,RUSH,TR-0112,,,0
682272,RUSH,AR-1300,,,0
682726,PASS,,JW-5650,AH-3862,0
682904,RUSH,MI-0100,,,1
683240,RUSH,JG-3850,,,1
683357,RUSH,JA-0450,,,1
683652,PASS,,BB-2425,JT-2000,0
684203,PASS,,DC-3200,AS-0900,0
684230,PASS,,AS-1600,TK-0150,1
684495,PASS,,BR-1100,WJ-0300,1
685694,PASS,,MM-0912,DM-1200,1
686828,PASS,,DC-0725,CW-0225,0
688673,RUSH,TT-0500,,,1
690201,PASS,,DC-0725,SR-0750,1
690409,PASS,,KC-2350,JC-5680,1
690768,PASS,,ZM-0150,AF-0200,0
690973,PASS,,RT-0150,DP-0350,0
691324,PASS,,BB-2425,RG-1812,0
691360,PASS,,,,0
691404,PASS,,BB-2425,CH-1200,1
691552,PASS,,MS-4100,GT-0100,0
692291,PASS,,AR-1300,JJ-4200,1
693488,PASS,,BR-1100,FT-0300,1
695604,PASS,,BR-1100,MW-1250,0
695658,RUSH,JH-4025,,,0
695947,PASS,,AR-1300,JA-0050,1
696643,PASS,,PM-0200,DT-0900,1
696843,PASS,,TB-2300,JE-0100,0
696968,RUSH,JN-0625,,,1
696991,PASS,,CN-0500,MT-1300,1
697168,PASS,,PM-0200,BF-0950,1
698295,PASS,,MM-0912,DM-4300,0
698434,PASS,,DC-0725,MC-2900,0
698447,PASS,,DC-0725,AC-2350,1
698468,PASS,,DC-0725,MC-2900,1
698777,PASS,,MR-2500,MS-0150,1
699083,PASS,,AL-1100,DA-0850,1
701357,PASS,,,,0
701820,RUSH,MR-2500,,,1
702045,PASS,,TS-1450,DT-0900,1
702825,PASS,,CP-0500,JB-6750,0
703179,PASS,,CK-0550,GB-0200,1
703370,RUSH,TS-1450,,,0
703645,RUSH,JM-3450,,,1
704199,PASS,,JW-5650,VJ-0100,0
704209,RUSH,CK-0250,,,0
704223,PASS,,JW-5650,VJ-0100,0
704396,RUSH,CH-5000,,,1
704863,PASS,,AL-1100,TH-1850,0
705152,RUSH,MI-0100,,,1
705831,RUSH,CN-0500,,,1
705851,PASS,,DA-1300,GO-0100,1
706198,PASS,,MS-4100,GT-0100,1
706326,PASS,,JF-1900,SS-2100,0
706369,PASS,,JF-1900,MW-0500,1
707413,PASS,,BR-1100,MW-1250,1
708395,PASS,,CW-1900,TP-2400,0
709654,PASS,,DC-0725,AC-2350,1
709970,PASS,,JW-5650,AH-3862,1
710561,PASS,,CN-0500,DF-2200,1
710893,PASS,,CK-0550,RL-1325,0
711415,PASS,,BR-1100,LB-0250,1
713140,PASS,,RT-0150,JL-0215,1
713194,PASS,,TT-0500,RB-4900,1
713364,PASS,,BK-0700,RS-3400,0
713592,RUSH,CW-1425,,,1
715156,RUSH,BB-2425,,,1
715678,RUSH,MR-2500,,,0
715735,RUSH,AR-1300,,,1
716103,PASS,,EM-0250,NO-0150,1
716282,PASS,,JM-2900,TP-2400,1
716428,PASS,,JW-5650,ME-0600,1
716608,PASS,,DB-3800,CF-0650,0
716796,PASS,,PR-0300,HH-0225,0
716984,PASS,,CP-0500,JN-0625,0
717446,PASS,,MR-2500,JJ-4700,0
717497,RUSH,JW-5650,,,0
717517,PASS,,MG-0850,BM-3800,1
718460,PASS,,JF-1900,SS-2100,1
718996,PASS,,AR-1300,DA-0212,0
719507,RUSH,TT-0500,,,1
719663,PASS,,JF-1900,KJ-1400,1
719843,RUSH,RM-1200,,,1
720309,RUSH,JS-6200,,,0
720316,PASS,,MM-0912,RM-1500,0
720536,PASS,,BB-2425,AR-1250,1
720680,PASS,,AS-1600,TK-0150,1
721201,PASS,,BR-1100,LG-0750,0
721224,PASS,,BR-1100,JJ-0725,0
721332,PASS,,BR-1100,FT-0300,0
721344,PASS,,DP-2037,DB-5300,0
721351,PASS,,BR-1100,AB-3500,0
721358,PASS,,DP-2037,DB-5300,0
721687,PASS,,RW-3850,DB-0500,0
722922,PASS,,BR-1100,DJ-1300,1
723827,PASS,,CW-1425,NA-0050,1
723925,RUSH,CT-1220,,,0
723958,RUSH,KC-2350,,,0
724425,PASS,,KC-2350,DC-0775,0
724760,PASS,,CP-0500,MF-0950,0
725079,RUSH,LM-1000,,,1
726185,PASS,,CN-0500,CB-3850,0
726198,PASS,,CN-0500,GO-0100,0
726224,PASS,,DC-0725,SR-0750,1
726403,PASS,,TB-2300,JW-2550,1
726583,PASS,,AS-1600,DH-1450,1
726942,PASS,,SB-1100,KR-1200,0
727244,PASS,,MS-4100,TJ-2350,0
727557,PASS,,MR-2500,DF-1875,0
727575,PASS,,MR-2500,AH-3650,1
727873,PASS,,RT-0150,JL-0215,0
728396,PASS,,DC-0725,SR-0750,1
728478,PASS,,BR-1100,AB-3500,0
728712,PASS,,JW-5650,ME-0600,1
729527,PASS,,CP-0500,DJ-1325,1
730790,PASS,,PR-0300,AG-0500,0
730945,PASS,,CW-1425,JM-1550,0
730972,PASS,,KC-2350,JR-1150,0
731122,RUSH,BP-0625,,,1
732970,RUSH,RM-1200,,,1
733095,PASS,,CW-1425,JM-1550,0
733405,PASS,,,,0
734205,PASS,,BR-1100,AB-3500,0
735113,RUSH,JM-3450,,,0
735550,RUSH,MI-0100,,,1
736092,PASS,,AL-1100,TH-1850,1
736246,PASS,,RW-3850,MR-0500,1
736452,RUSH,CK-0100,,,1
736698,PASS,,JF-1900,SS-2100,1
737600,PASS,,CN-0500,GO-0100,0
738258,PASS,,AR-1300,DA-0212,1
738759,PASS,,TB-2300,JE-0100,1
738909,RUSH,MI-0100,,,0
738935,PASS,,DB-3800,TH-1600,0
739545,PASS,,CC-4250,AC-2350,0
740221,PASS,,MM-4700,DP-0350,0
740878,PASS,,AS-1600,JM-0200,0
741026,RUSH,DP-2037,,,1
741177,RUSH,AR-0875,,,1
741204,RUSH,CM-2280,,,0
741380,PASS,,BR-1100,DW-3600,1
741548,PASS,,TB-2300,DA-0900,1
